rank,uri,artist_names,track_name,source,peak_rank,previous_rank,weeks_on_chart,streams
1,"spotify:track:3nqQXoyQOWXiESFLlDF1hG","Sam Smith, Kim Petras","Unholy (feat. Kim Petras)","EMI",1,1,2,"53478156"
2,"spotify:track:4uUG5RXrOk84mYEfFvj3cK","David Guetta, Bebe Rexha","I'm Good (Blue)","Parlophone UK",2,2,6,"33516367"
3,"spotify:track:4Dvkj6JhhA12EX05fT7y2e","Harry Styles","As It Was","Columbia",1,3,27,"32910077"
4,"spotify:track:2tTmW7RDtMQtBk7m2rYeSw","Bizarrap, Quevedo","Quevedo: Bzrp Music Sessions, Vol. 52","DALE PLAY Records",1,4,13,"31691825"
5,"spotify:track:5ww2BF9slyYgNOk37BlC4u","Manuel Turizo","La Bachata","Sony Music Latin/La Industria",5,5,14,"29821181"
6,"spotify:track:1IHWl5LamUGEuP4ozKQSXZ","Bad Bunny","Tití Me Preguntó","Rimas Entertainment LLC",4,8,22,"26885499"
7,"spotify:track:6Sq7ltF9Qa7SNFBsV5Cogx","Bad Bunny, Chencho Corleone","Me Porto Bonito","Rimas Entertainment LLC",2,6,22,"26788620"
8,"spotify:track:5IgjP7X4th6nMNDh4akUHb","Chris Brown","Under The Influence","Chris Brown Entertainment/RCA Records",8,10,11,"25325034"
9,"spotify:track:4h9wh7iOZ0GGn8QVp4RAOB","OneRepublic","I Ain't Worried","Interscope Records",7,9,18,"24828019"
10,"spotify:track:7gRFDGEzF9UkBV233yv2dc","BLACKPINK","Shut Down","YG Entertainment/Interscope Records",1,7,3,"22458036"
11,"spotify:track:4k6Uh1HXdhtusDW5y8Gbvy","Steve Lacy","Bad Habit","L-M Records/RCA Records",10,12,13,"22068431"
12,"spotify:track:53tfEupEzQRtVFOeZvk7xq","ROSALÍA","DESPECHÁ","Columbia",5,11,10,"21914668"
13,"spotify:track:5Eax0qFko2dh7Rl2lYs3bx","Bad Bunny","Efecto","Rimas Entertainment LLC",6,14,22,"20919739"
14,"spotify:track:3k3NWokhRRkEPhCzPmV8TW","Bad Bunny, Bomba Estéreo","Ojitos Lindos","Rimas Entertainment LLC",3,16,22,"19023863"
15,"spotify:track:2yjlYDiNiQkdxVqTlaSrlX","Nicki Minaj","Super Freaky Girl","Republic Records",14,15,8,"18524505"
16,"spotify:track:5zwwW9Oq7ubSxoCGyW1nbY","BLACKPINK","Pink Venom","YG Entertainment/Interscope Records",2,13,7,"18277314"
17,"spotify:track:7jtQIBanIiJOMS6RyCx6jZ","Tom Odell","Another Love","ITNO/Columbia",17,19,78,"17665072"
18,"spotify:track:6xGruZOHLs39ZbVccQTuPZ","Joji","Glimpse of Us","88rising Music/Warner Records",1,17,17,"17396751"
19,"spotify:track:76OGwb5RA9h4FxQPT33ekc","Rosa Linn","SNAP","Columbia",18,18,13,"17346494"
20,"spotify:track:31i56LZnwE6uSu3exoHjtB","Bad Bunny","Neverita","Rimas Entertainment LLC",15,23,22,"16181070"
21,"spotify:track:2QjOHCTQ1Jl3zawyYOpxh6","The Neighbourhood","Sweater Weather","Columbia",21,25,110,"16162085"
22,"spotify:track:02MWAaffLxlfxAUY7c5dvx","Glass Animals","Heat Waves","Polydor Records",1,20,93,"16108079"
23,"spotify:track:6Xom58OOXk2SoU711L2IXO","Bad Bunny","Moscow Mule","Rimas Entertainment LLC",2,21,22,"16089148"
24,"spotify:track:1xzi1Jcr7mEi9K2RfzLOqS","Beyoncé","CUFF IT","Parkwood Entertainment/Columbia",24,33,7,"16086076"
25,"spotify:track:1xK59OXxi2TAAAbmZK0kBL","d4vd","Romantic Homicide","Darkroom/Interscope Records",25,31,5,"15866818"
26,"spotify:track:38T0tPVZHcPZyhtOcCP7pF","Lil Nas X","STAR WALKIN' (League of Legends Worlds Anthem)","Columbia",22,22,2,"15347523"
27,"spotify:track:6VhuP99TE6gYNQRJIlAWFD","Stephen Sanchez","Until I Found You","Republic Records",24,29,22,"14936843"
28,"spotify:track:5PjdY0CKGZdEuoNab3yDmX","The Kid LAROI, Justin Bieber","STAY (with Justin Bieber)","Columbia",1,27,65,"14716509"
29,"spotify:track:2LBqCSwhJGcFQeTHMVGwy3","The Weeknd","Die For You","Universal Republic Records",26,26,34,"14695903"
30,"spotify:track:7dSZ6zGTQx66c2GF91xCrb","KAROL G","PROVENZA","UMLE - Latino",6,28,24,"14563200"
31,"spotify:track:0mBP9X2gPCuapvpZ7TGDk3","Charlie Puth, Jung Kook, BTS","Left and Right (Feat. Jung Kook of BTS)","Atlantic Records",7,30,15,"13664834"
32,"spotify:track:0WtM2NBVQNNJLh6scP13H8","Rema, Selena Gomez","Calm Down (with Selena Gomez)","Mavin Records / Jonzing World",32,38,6,"13549237"
33,"spotify:track:3LtpKP5abr2qqjunvjlX5i","Central Cee","Doja","Central Cee",15,32,11,"13450664"
34,"spotify:track:75FEaRjZTKLhTrFGsfMUXR","Kate Bush","Running Up That Hill (A Deal With God)","Parlophone UK",1,24,19,"13324098"
35,"spotify:track:54ipXppHLA8U4yqpOFTUhr","Imagine Dragons","Bones","Kid Ina Korner / Interscope",35,37,30,"13276683"
36,"spotify:track:7a8GawTVgHZvBLQOh46he7","Arctic Monkeys","I Wanna Be Yours","Domino Recording Co",36,41,13,"13043393"
37,"spotify:track:1qEmFfgcLObUfQm0j1W2CK","Harry Styles","Late Night Talking","Columbia",2,35,20,"12927769"
38,"spotify:track:4h4QlmocP3IuwYEj2j14p8","Nicky Youre, dazy","Sunroof","Thirty Knots/Columbia",28,36,22,"12518648"
39,"spotify:track:0O6u0VJ46W86TxN9wgyqDj","Post Malone, Doja Cat","I Like You (A Happier Song) (with Doja Cat)","Mercury Records/Republic Records",10,34,18,"12474339"
40,"spotify:track:1DIXPcTDzTj8ZMHt3PDt8p","Coolio, L.V.","Gangsta's Paradise","Tommy Boy Music, LLC",40,95,49,"12250358"
41,"spotify:track:79HZAZNnOE97rb2hnI0XQr","Rauw Alejandro, Lyanno, Brray","LOKERA","Sony Music Latin/Duars Entertainment",41,43,8,"12005543"
42,"spotify:track:6JIC3hbC28JZKZ8AlAqX8h","Elton John, Dua Lipa, PNAU","Cold Heart - PNAU Remix","EMI",4,39,60,"11793618"
43,"spotify:track:2CeKVsFFXG4QzA415QygGb","Feid","Feliz Cumpleaños Ferxxo","UMLE - Latino",43,60,7,"11539875"
44,"spotify:track:58ge6dfP91o9oXMzq3XkIS","Arctic Monkeys","505","Domino Recording Co",44,48,40,"11501038"
45,"spotify:track:6HMtHNpW6YPi1hrw9tgF8P","Lizzo","About Damn Time","Nice Life/Atlantic",9,40,23,"11448834"
46,"spotify:track:7iwJOi3hlMqZt6pj1sQOBj","Quevedo","Vista Al Mar","Quevedo",46,54,4,"11415428"
47,"spotify:track:41oY4WCTj5kccfesTVFnvN","Bad Bunny, Jhay Cortez","Tarot","Rimas Entertainment LLC",9,44,22,"11355509"
48,"spotify:track:0VjIjW4GlUZAMYd2vXMi3b","The Weeknd","Blinding Lights","Republic Records",1,47,149,"11156411"
49,"spotify:track:7wdwIaXUuzlu1grzWMFRJm","Ghost","Mary On A Cross","UME - Global Clearing House",36,42,8,"11147385"
50,"spotify:track:6i1g5ZRmJZAkDwBaUZ3f2i","Luar La L","Caile","La Mafia Urbana Corp.",32,46,8,"10918781"
51,"spotify:track:0e5UZadoZ5me957hKsxRYh","JVKE","golden hour","JVKE",51,53,6,"10817987"
52,"spotify:track:0kTMK4gNFfLXaTb62w1UaJ","Pablo Pesadilla, Polimá Westcoast, Nickoog Clk, Fran C","BABY OTAKU","BZR Music",52,100,2,"10790933"
53,"spotify:track:3F5CgOj3wFlRv51JsHbxhe","Drake, 21 Savage","Jimmy Cooks (feat. 21 Savage)","OVO",7,51,16,"10737208"
54,"spotify:track:5JhUm1v5AbI5Yu6jLKCPRO","Grupo Frontera","No Se Va - En Vivo","Grupo Frontera",54,138,2,"10687921"
55,"spotify:track:2TktkzfozZifbQhXjT6I33","Omar Apollo","Evergreen (You Didn’t Deserve Me At All)","Warner Records",55,69,3,"10613643"
56,"spotify:track:1cKHdTo9u0ZymJdPGSh6nq","The Weeknd, Gesaffelstein","I Was Never There","Universal Republic Records",17,56,18,"10510469"
57,"spotify:track:2eAvDnpXP5W0cVtiI0PUxV","Ruth B.","Dandelions","Columbia",34,57,60,"10481180"
58,"spotify:track:39JofJHEtg8I4fSyo7Imft","Eliza Rose, Interplanetary Criminal","B.O.T.A. (Baddest Of Them All) - Edit","Warner Records",52,52,5,"10478109"
59,"spotify:track:1ga4PztXOIw1yBbdUt2X8v","KAROL G, Maldy","GATÚBELA","UMLE - Latino",33,49,6,"10462587"
60,"spotify:track:5TJEBoTCDbJXiKMdCN9pd3","Elton John, Britney Spears","Hold Me Closer","EMI",25,45,6,"10435569"
61,"spotify:track:4tYFy8ALRjIZvnvSLw5lxN","Bad Bunny, Rauw Alejandro","Party","Rimas Entertainment LLC",6,59,22,"10011980"
62,"spotify:track:6I3mqTwhRpn34SLVafSH7G","Justin Bieber","Ghost","RBMG/Def Jam",11,50,55,"10010423"
63,"spotify:track:7DbdUf8aHSYoliSjO6LZv6","Beach Weather","Sex, Drugs, Etc.","8123 / Arista Records",63,73,8,"9831410"
64,"spotify:track:1Fid2jjqsHViMX6xNH70hE","Seafret","Atlantis","Sweet Jane Recordings",64,66,11,"9809083"
65,"spotify:track:7MXVkk9YMctZqd1Srtv4MB","The Weeknd, Daft Punk","Starboy","Universal Republic Records",1,65,105,"9781893"
66,"spotify:track:2rurDawMfoKP4uHyb2kJBt","Shakira, Rauw Alejandro","Te Felicito","Sony Music Latin",13,64,24,"9754123"
67,"spotify:track:4zN21mbAuaD0WqtmaTZZeP","James Hype, Miggy Dela Rosa","Ferrari","Universal-Island Records Ltd.",34,55,18,"9726149"
68,"spotify:track:1797zYiX4cKosMH836X9Gt","Bad Bunny, Tony Dize","La Corriente","Rimas Entertainment LLC",17,67,22,"9674206"
69,"spotify:track:2DB4DdfCFMw1iaR6JaR03a","Camila Cabello, Ed Sheeran","Bam Bam (feat. Ed Sheeran)","Epic",5,62,31,"9625979"
70,"spotify:track:0hquQWY3xvYqN4qtiquniF","Doja Cat","Vegas (From the Original Motion Picture Soundtrack ELVIS)","Kemosabe Records/RCA Records",26,61,18,"9596366"
71,"spotify:track:4UMIv5jd9gK98a39BQRD9X","Pritam, Arijit Singh, Amitabh Bhattacharya","Kesariya","Sony Music Entertainment India Pvt. Ltd.",33,77,12,"9573382"
72,"spotify:track:37y7iDayfwm3WXn5BiAoRk","Steve Lacy","Dark Red","Three Quarter",66,75,61,"9475923"
73,"spotify:track:27ZZdyTSQWI7Cug2d2PkqV","Armani White","BILLIE EILISH.","Legendbound, LLC / Def Jam Recordings",68,68,6,"9333814"
74,"spotify:track:3AJwUDP919kvQ9QcozQPxg","Coldplay","Yellow","Parlophone UK",56,63,94,"9318685"
75,"spotify:track:0HYAsQwJIO6FLqpyTeD3l6","Fujii Kaze","Shinunoga E-Wa","Universal Music LLC",72,72,5,"9247456"
76,"spotify:track:09mEdoA6zrmBPgTEN5qXmN","The Weeknd","Call Out My Name","Universal Republic Records",1,70,50,"9217773"
77,"spotify:track:58HvfVOeJY7lUuCqF0m3ly","Elley Duhé","MIDDLE OF THE NIGHT","Not Fit For Society/RCA Records",11,74,41,"9211726"
78,"spotify:track:1BYZxKSf0aTxp8ZFoeyM3d","girl in red","we fell in love in october","world in red",78,-1,5,"9158869"
79,"spotify:track:7ef4DlsgrMEH11cDZd32M6","Calvin Harris, Dua Lipa","One Kiss (with Dua Lipa)","Sony Music UK",2,76,91,"9151063"
80,"spotify:track:7sJNeWTXkZCEC7OnFMpGWL","Luciano, Aitch, BIA","Bamba (feat. Aitch & BIA)","URBAN",71,71,2,"9092125"
81,"spotify:track:0u2P5u6lvoDfwTYjAADbn4","Billie Eilish, Khalid","lovely (with Khalid)","Darkroom",24,89,233,"8974527"
82,"spotify:track:3CIyK1V4JEJkg02E4EJnDl","Imagine Dragons, JID, Arcane, League of Legends","Enemy (with JID) - from the series Arcane League of Legends","Kid Ina Korner / Interscope",3,78,49,"8873654"
83,"spotify:track:59nOXPmaKlBfGMDeOVGrIK","Future, Drake, Tems","WAIT FOR U (feat. Drake & Tems)","Epic/Freebandz",10,84,23,"8848795"
84,"spotify:track:7xTDT7gyIrv0xWpwwXExxU","Ed Sheeran","Celestial","Atlantic Records UK",84,-1,1,"8847024"
85,"spotify:track:3fjN3y5x4hN53rykAN2LHQ","Rels B","cómo dormiste?","Flakk Team / DALE PLAY Records",24,79,9,"8832042"
86,"spotify:track:5QO79kh1waicV47BqGRL3g","The Weeknd","Save Your Tears","Republic Records",2,85,96,"8820433"
87,"spotify:track:5Z9KJZvQzH6PFmb8SNkxuk","Lil Nas X, Jack Harlow","INDUSTRY BABY (feat. Jack Harlow)","Columbia",2,81,63,"8789199"
88,"spotify:track:3xWGA8pa0IKFI7IMPri4P0","Ed Sheeran","Shivers","Atlantic Records UK",4,86,56,"8699283"
89,"spotify:track:5QM0SsyzmBM0pbFY52Xj1X","Sam Smith","I'm Not The Only One","Capitol",83,83,11,"8689338"
90,"spotify:track:6UelLqGlWMcVH1E5c4H7lY","Harry Styles","Watermelon Sugar","Columbia",4,82,151,"8650162"
91,"spotify:track:3AVrVz5rK8Hrqo9YGiVGN5","Cigarettes After Sex","Apocalypse","Partisan Records",91,101,13,"8433130"
92,"spotify:track:5jt25aFjW2kNoBqaEVaz5W","Mora, Feid","LA INOCENTE","Rimas Entertainment LLC",74,88,14,"8426349"
93,"spotify:track:6qyS9qBy0mEk3qYaH8mPss","Kordhell","Murder In My Mind","Kordhell",90,90,8,"8338773"
94,"spotify:track:0fea68AdmYNygeTGI4RC18","J Balvin, Bad Bunny","LA CANCIÓN","Universal Music Latino / Rimas",17,96,85,"8334896"
95,"spotify:track:3sNVsP50132BTNlImLx70i","Kanye West","Bound 2","Rock The World/IDJ/Kanye/LP6",77,87,5,"8330487"
96,"spotify:track:5uSFGgIfHMT3osrAd9n9ym","Lewis Capaldi","Forget Me","Vertigo Berlin",57,80,4,"8316381"
97,"spotify:track:7mykoq6R3BArsSpNDjFQTm","Rosa Walton, Hallie Coggins","I Really Want to Stay at Your House","Lakeshore Records",97,125,2,"8195671"
98,"spotify:track:3rq5w4bQGigXOfdN30ATJt","Arctic Monkeys","Do I Wanna Know?","Domino Recording Co",98,107,56,"8150657"
99,"spotify:track:3WMj8moIAXJhHsyLaqIIHI","Zach Bryan","Something in the Orange","Warner Records",99,132,4,"8127426"
100,"spotify:track:7lQ8MOhq6IN2w8EYcFNSUk","Eminem","Without Me","Aftermath",31,106,54,"8066963"
101,"spotify:track:2gYj9lubBorOPIVWsTXugG","IVE","After LIKE","Starship Entertainment",48,91,7,"8039587"
102,"spotify:track:6Uj1ctrBOjOas8xZXGqKk4","Doja Cat","Woman","Kemosabe Records/RCA Records",6,97,65,"8005890"
103,"spotify:track:0L8LOav65XwLjCLS11gNPD","BLACKPINK","Typa Girl","YG Entertainment/Interscope Records",14,58,3,"7995355"
104,"spotify:track:1FEiijYPJtyswChfcpv3p0","Lana Del Rey","Summertime Sadness","Urban",94,94,11,"7983307"
105,"spotify:track:68Dni7IE4VyPkTOH9mRWHr","J. Cole","No Role Modelz","Roc Nation Records LLC",76,122,63,"7931241"
106,"spotify:track:0pqnGHJpmpxLKifKRmU6WP","Imagine Dragons","Believer","Kid Ina Korner / Interscope",16,120,296,"7930280"
107,"spotify:track:6ex1Pz3pntgy4NPtxHXN2V","Ed Sheeran","Bad Habits","Atlantic Records UK",3,102,67,"7920759"
108,"spotify:track:2WigMwGJysIh9fRnSJvpjn","Oxlade","KU LO SA - A COLORS SHOW","Epic",97,99,5,"7895634"
109,"spotify:track:4RVwu0g32PAqgUiJoXsdF8","Billie Eilish","Happier Than Ever","Darkroom/Interscope Records",6,92,62,"7864847"
110,"spotify:track:1O2pcBJGej0pmH2Y9XZMs6","Cris Mj","Una Noche en Medellín","Nabru Records LLC",9,105,32,"7806809"
111,"spotify:track:4SqWKzw0CbA05TGszDgMlc","The Walters","I Love You So","Warner Records",21,116,52,"7781488"
112,"spotify:track:7qEHsqek33rTcFNT9PFqLf","Lewis Capaldi","Someone You Loved","Vertigo Berlin",4,103,196,"7755965"
113,"spotify:track:1R0a2iXumgCiFb7HEZ7gUE","Taylor Swift","Don’t Blame Me","Big Machine Records, LLC",72,140,21,"7725882"
114,"spotify:track:46IZ0fSY2mpAiktS3KOqds","Adele","Easy On Me","Columbia",1,109,51,"7714063"
115,"spotify:track:0wHFktze2PHC5jDt3B17DC","Jack Harlow","First Class","Generation Now/Atlantic",2,93,26,"7653738"
116,"spotify:track:7FlQk2gJ6TBrHHiidvdR2O","Becky G, KAROL G","MAMIII","Kemosabe Records/RCA Records",5,117,34,"7573088"
117,"spotify:track:1dm6z1fWB0cErMszU25dy2","Bad Bunny","Después de la Playa","Rimas Entertainment LLC",7,110,22,"7513857"
118,"spotify:track:5PfFHceiEv61KldMOuVrv8","Peso Pluma, Luis R Conriquez","Siempre Pendientes","Prajin Records",97,119,7,"7502627"
119,"spotify:track:6mmPpaltUZK7xjNlBPQQ0p","Rauw Alejandro, Chencho Corleone","Desesperados","Sony Music Latin/Duars Entertainment",8,113,43,"7446646"
120,"spotify:track:5nujrmhLynf4yMoMtj8AQF","Dua Lipa, DaBaby","Levitating (feat. DaBaby)","Warner Records",4,115,105,"7432514"
121,"spotify:track:5CZ40GBx1sQ9agT82CLQCT","Olivia Rodrigo","traitor","Olivia Rodrigo PS",7,98,72,"7380356"
122,"spotify:track:0tgVpDi06FyKpA1z0VMD4v","Ed Sheeran","Perfect","Atlantic Records UK",4,175,290,"7360058"
123,"spotify:track:0zCgWGmDF0aih5qexATyBn","Mr.Kitty","After Dark","Juggernaut Music Group",112,133,25,"7326206"
124,"spotify:track:7fBv7CLKzipRk6EC6TWHOB","The Weeknd","The Hills","Universal Republic Records",52,123,58,"7299690"
125,"spotify:track:4ZtFanR9U6ndgddUvNcjcG","Olivia Rodrigo","good 4 u","Olivia Rodrigo PS",1,130,73,"7257124"
126,"spotify:track:48q0vSHcJdhK3IiXH8C5WJ","Arctic Monkeys","Why'd You Only Call Me When You're High?","Domino Recording Co",104,162,48,"7246887"
127,"spotify:track:5wANPM4fQCJwkGd4rN57mH","Olivia Rodrigo","drivers license","Olivia Rodrigo PS",1,114,91,"7245736"
128,"spotify:track:62ke5zFUJN6RvtXZgVH0F8","Paloma Faith","Only Love Can Hurt Like This","RCA Records Label",93,121,20,"7235881"
129,"spotify:track:5O2P9iiztwhomNh8xkR9lJ","One Direction","Night Changes","Syco Music",108,143,19,"7233080"
130,"spotify:track:5pyoxDZ1PX0KxBxiRVxA4U","Beyoncé","BREAK MY SOUL","Parkwood Entertainment/Columbia",12,108,16,"7218440"
131,"spotify:track:46HNZY1i7O6jwTA7Slo2PI","Coldplay, BTS","My Universe","Parlophone UK",3,112,54,"7193724"
132,"spotify:track:0a4MMyCrzT0En247IhqZbD","NewJeans","Hype Boy","ADOR",85,118,8,"7183839"
133,"spotify:track:1u8c2t2Cy7UBoG4ArRcF5g","Taylor Swift","Blank Space","Big Machine Records, LLC",113,148,48,"7177313"
134,"spotify:track:0T2pB7P1VdXPhLdQZ488uH","Feid","Normal","UMLE - Latino",57,149,13,"7169585"
135,"spotify:track:3PpWCS95gDUDRPko3u1MZ9","Feid","Prohibidox","UMLE - Latino",99,124,3,"7165772"
136,"spotify:track:4OmfWzukSVD140NiAIEjem","Steve Lacy","Static","L-M Records/RCA Records",128,128,4,"7146736"
137,"spotify:track:3yfqSUWxFvZELEM4PmlwIR","Eminem","The Real Slim Shady","Interscope",51,139,70,"7132324"
138,"spotify:track:6DoL1yYIwEW7VZMRaJhoJI","Chris Jedi, Anuel AA, Chencho Corleone, Ñengo Flow","La Llevo Al Cielo (Ft. Ñengo Flow)","UMLE - Latino",53,111,20,"7118874"
139,"spotify:track:3uUuGVFu1V7jTQL60S1r8z","Lost Frequencies, Calum Scott","Where Are You Now","Epic Amsterdam",18,131,57,"7071223"
140,"spotify:track:2J2Z1SkXYghSajLibnQHOa","Sia","Unstoppable","Monkey Puzzle Records/RCA Records",107,145,34,"7061247"
141,"spotify:track:0ll8uFnc0nANY35E0Lfxvg","Keane","Somewhere Only We Know","Universal-Island Records Ltd.",141,155,4,"7055437"
142,"spotify:track:1oFAF1hdPOickyHgbuRjyX","The Weeknd, Ariana Grande","Save Your Tears (Remix) (with Ariana Grande) - Bonus Track","XO / Republic Records",5,156,76,"7027268"
143,"spotify:track:1mea3bSkSGXuIRvnydlB5b","Coldplay","Viva La Vida","Parlophone UK",129,134,6,"7012589"
144,"spotify:track:6jjYDGxVJsWS0a5wlVF5vS","BTS","Butter","BIGHIT MUSIC",2,-1,62,"6973806"
145,"spotify:track:6TsVhM8qIkWN5cJVDIVbbz","Wisin & Yandel, ROSALÍA","Besos Moja2","Sony Music Latin",145,-1,1,"6935716"
146,"spotify:track:3BnDvpeuGOj21Ir2aVEtQo","Rema","Calm Down","Mavin Records / Jonzing World",119,150,13,"6922299"
147,"spotify:track:2B4GHvToeLTOBB4QLzW3Ni","Farruko","Pepas","Sony Music Latin",4,146,65,"6913260"
148,"spotify:track:13Irp51zj01BZu2XtDrnAg","Lizzo","2 Be Loved (Am I Ready)","Nice Life/Atlantic",148,157,3,"6848037"
149,"spotify:track:4RvWPyQ5RL0ao9LPZeSouE","Tears For Fears","Everybody Wants To Rule The World","UMC (Universal Music Catalogue)",105,137,18,"6822523"
150,"spotify:track:7o2CTH4ctstm8TNelqjb51","Guns N' Roses","Sweet Child O' Mine","Guns N Roses P&D",101,166,18,"6800572"
151,"spotify:track:6VrQTLzzuyGIYjUDe4kAZk","Bad Bunny","Un Coco","Rimas Entertainment LLC",25,141,22,"6791034"
152,"spotify:track:3PfIrDoz19wz7qK7tYeu62","Dua Lipa","Don't Start Now","Warner Records",2,153,153,"6788553"
153,"spotify:track:2JPLbjOn0wPCngEot2STUS","Bad Bunny","Yonaguni","Rimas Entertainment LLC",3,144,70,"6719783"
154,"spotify:track:4xqrdfXkTW4T0RauPLv3WA","Conan Gray","Heather","Republic Records",12,169,115,"6697469"
155,"spotify:track:5CzixCxDkRXX9mScCmah8O","Bad Bunny","Un Ratito","Rimas Entertainment LLC",10,154,22,"6670666"
156,"spotify:track:7fZBQnc0zXwVybgCIrQQil","Imanbek, BYOR","Belly Dancer","Musical Freedom",77,158,19,"6653900"
157,"spotify:track:10xV5l9nhLvFpR8mqzs0bL","Marshmello, Khalid","Numb","Joytime Collective/RCA Records",110,152,17,"6649581"
158,"spotify:track:2tpWsVSb9UEmDRxAl1zhX1","OneRepublic","Counting Stars","Mosley / Interscope",101,176,82,"6612149"
159,"spotify:track:0RiRZpuVRbi7oqRdSMwhQY","Post Malone, Swae Lee","Sunflower - Spider-Man: Into the Spider-Verse","Republic Records",1,173,207,"6597481"
160,"spotify:track:5gDWsRxpJ2lZAffh5p7K0w","The Weeknd, Lana Del Rey","Stargirl Interlude","Universal Republic Records",148,165,12,"6585167"
161,"spotify:track:0kqTXMHiQiB7IECD0WwcPq","TWICE","Talk that Talk","Republic Records - TWICE",54,129,6,"6580121"
162,"spotify:track:1XGmzt0PVuFgQYYnV2It7A","Maroon 5, Wiz Khalifa","Payphone","Interscope Records*",70,161,42,"6563379"
163,"spotify:track:5E30LdtzQTGqRvNd7l6kG5","The Neighbourhood","Daddy Issues","Columbia",99,168,97,"6554962"
164,"spotify:track:4cacyP5c3PMlfnyjpg13xW","Yung Gravy","Betty (Get Money)","Republic Records",73,142,13,"6533173"
165,"spotify:track:7yq4Qj7cqayVTp3FF9CWbm","Vance Joy","Riptide","F-Stop Records/Atlantic",122,170,92,"6527524"
166,"spotify:track:6HU7h9RYOaPRFeh0R3UeAr","Olivia Rodrigo","deja vu","Olivia Rodrigo PS",3,136,79,"6527093"
167,"spotify:track:1JSTJqkT5qHq8MDJnJbRE1","The Police","Every Breath You Take","Polydor Records",109,159,69,"6526038"
168,"spotify:track:0gucTLf7trAf37Ua1uAyAu","Nirvana","Smells Like Teen Spirit","Geffen",103,164,91,"6523520"
169,"spotify:track:0JzG1wJuB4v9UPkSE7LMXi","Montell Fish","Hotel","Lord’s Child, LLC",111,127,3,"6503861"
170,"spotify:track:5YbPxJwPfrj7uswNwoF1pJ","Burna Boy","Last Last","Spaceship/ Bad Habit/Atlantic Records",92,151,13,"6434014"
171,"spotify:track:4w273WCBXwM4P3jTX5HkB2","Grupo Marca Registrada, Junior H","El Rescate","RB Music",129,182,11,"6322857"
172,"spotify:track:1v7L65Lzy0j0vdpRjJewt1","Eminem","Lose Yourself - From ""8 Mile"" Soundtrack","Aftermath",44,181,94,"6296807"
173,"spotify:track:2pIUpMhHL6L9Z5lnKxJJr9","NewJeans","Attention","ADOR",81,163,8,"6273258"
174,"spotify:track:3hUxzQpSfdDqwM3ZTFQY0K","Taylor Swift","august","Taylor Swift",11,171,15,"6268680"
175,"spotify:track:4u7EnebtmKWzUH433cf5Qv","Queen","Bohemian Rhapsody - Remastered 2011","EMI",11,177,210,"6256835"
176,"spotify:track:21jGcNKet2qwijlDFuPiPb","Post Malone","Circles","Republic Records",1,167,162,"6251534"
177,"spotify:track:6RUKPb4LETWmmr3iAEQktW","The Chainsmokers, Coldplay","Something Just Like This","Disruptor Records/Columbia",2,172,185,"6246682"
178,"spotify:track:5g7sDjBhZ4I3gcFIpkrLuI","Bruno Mars","Locked out of Heaven","Atlantic Records",106,183,40,"6215577"
179,"spotify:track:22skzmqfdWrjJylampe0kt","Macklemore & Ryan Lewis, Macklemore, Ryan Lewis, Ray Dalton","Can't Hold Us (feat. Ray Dalton)","Macklemore",149,-1,40,"6204444"
180,"spotify:track:0zlGnseLGzRIBA0TJcb3Bo","Yohani, Jubin Nautiyal, Tanishk Bagchi, Rashmi Virag, Surya Ragunaathan","Manike (From ""Thank God"")","T-Series",180,-1,1,"6177604"
181,"spotify:track:1gH1h30wkQdd9zhY3j7a8T","Rex Orange County","THE SHADE","Rex Orange County",116,179,11,"6162477"
182,"spotify:track:5hnGrTBaEsdukpDF6aZg8a","Dean Lewis","How Do I Say Goodbye","Universal Music Australia Pty. Ltd.",182,-1,1,"6152869"
183,"spotify:track:7gwT3HGL84vF7bgtwL1N88","Lasso","Ojos Marrones","Universal Music Mexico",71,188,14,"6148395"
184,"spotify:track:4d4ZXH4dr5bYfgErHiZCX2","Bad Bunny","Dos Mil 16","Rimas Entertainment LLC",19,178,22,"6141379"
185,"spotify:track:3hRV0jL3vUpRrcy398teAU","Lord Huron","The Night We Met","Play It Again Sam",55,184,32,"6121222"
186,"spotify:track:0B7wvvmu9EISAwZnOpjhNI","Bruno Mars","When I Was Your Man","Atlantic Records",181,-1,6,"6103062"
187,"spotify:track:3dYD57lRAUcMHufyqn9GcI","Hozier","Take Me To Church","Universal-Island Records Ltd.",108,190,91,"6098772"
188,"spotify:track:6qmvAJSUfVGMubvI2awW7p","Tate McRae","uh oh","RCA Records Label",188,-1,1,"6065658"
189,"spotify:track:7qiZfU4dY1lWllzX7mPBI3","Ed Sheeran","Shape of You","Atlantic Records UK",1,199,295,"6055394"
190,"spotify:track:5ATwkalJ9FnLp7Zcvxo1rl","Dedublüman, Mavzer Tabancas","Belki","AVRUPA MÜZİK YAPIM",190,-1,1,"6054112"
191,"spotify:track:5QDLhrAOJJdNAmCTJ8xMyW","BTS","Dynamite","BIGHIT MUSIC",2,192,111,"6042310"
192,"spotify:track:3DarAbFujv6eYNliUTyqtz","Doja Cat, SZA","Kiss Me More (feat. SZA)","Kemosabe Records/RCA Records",3,200,78,"6026011"
193,"spotify:track:4MzXwWMhyBbmu6hOcLVD49","Bad Bunny, Jhay Cortez","DÁKITI","Rimas Entertainment LLC",1,194,101,"5994625"
194,"spotify:track:5qaEfEh1AtSdrdrByCP7qR","Imagine Dragons","Demons","Kid Ina Korner / Interscope",178,-1,7,"5993738"
195,"spotify:track:5TXDeTFVRVY7Cvt0Dw4vWW","XXXTENTACION","Revenge","Bad Vibes Forever / EMPIRE",63,185,32,"5991114"
196,"spotify:track:4woTEX1wYOTGDqNXuavlRC","Eminem, Dina Rae","Superman","Aftermath",196,-1,1,"5975958"
197,"spotify:track:003vvx7Niy0yvhvHt4a68B","The Killers","Mr. Brightside","Island Records",98,195,115,"5963061"
198,"spotify:track:2K7xn816oNHJZ0aVqdQsha","The Neighbourhood","Softcore","Columbia",35,191,36,"5944120"
199,"spotify:track:4gzsuuZypVbxs0Af1LSZyB","Tainy, Bad Bunny, Julieta Venegas","Lo Siento BB:/ (with Bad Bunny & Julieta Venegas)","Neon16",12,135,53,"5939205"
200,"spotify:track:1OZ4uv7OAP24Ix6j3vojLt","Mc Paiva ZS, MC Ryan SP, Kotim","Casei Com a Putaria","Love Funk",185,-1,4,"5932737"
